{"cameraMode":{"drawMode":0,"name":"Shaded","section":"Shading Mode"},"sceneLighting":false,"audioPlay":false,"sceneViewState":{"m_AlwaysRefresh":false,"showFog":true,"showSkybox":false,"showFlares":true,"showImageEffects":true,"showParticleSystems":true,"showVisualEffectGraphs":true,"m_FxEnabled":true},"in2DMode":false,"pivot":{"x":2.384185791015625e-7,"y":-2.384185791015625e-7,"z":-0.0000021457672119140627},"rotation":{"x":-0.11281189322471619,"y":-0.4977065324783325,"z":0.06547734141349793,"w":-0.8574848175048828},"size":3.9093353748321535,"orthographic":false}